Performance_ID,Employee_ID,Month,Year,Performance
1,1,1,2015,2
2,2,1,2015,3
3,3,1,2015,2
4,4,1,2015,5
5,5,1,2015,4
6,6,1,2015,2
7,7,1,2015,2
8,8,1,2015,4
9,9,1,2015,3
10,10,1,2015,4
11,11,1,2015,3
12,12,1,2015,2
13,13,1,2015,4
14,14,1,2015,2
15,15,1,2015,2
16,16,1,2015,4
17,17,1,2015,2
18,18,1,2015,2
19,19,1,2015,4
20,20,1,2015,1
21,21,1,2015,4
22,22,1,2015,2
23,23,1,2015,5
24,24,1,2015,4
25,25,1,2015,3
26,26,1,2015,2
27,27,1,2015,4
28,28,1,2015,2
29,29,1,2015,4
30,1,2,2015,3
31,2,2,2015,4
32,3,2,2015,3
33,4,2,2015,5
34,5,2,2015,4
35,6,2,2015,2
36,7,2,2015,3
37,8,2,2015,4
38,9,2,2015,4
39,10,2,2015,4
40,11,2,2015,4
41,12,2,2015,2
42,13,2,2015,4
43,14,2,2015,2
44,15,2,2015,2
45,16,2,2015,4
46,17,2,2015,3
47,18,2,2015,3
48,19,2,2015,4
49,20,2,2015,2
50,21,2,2015,3
51,22,2,2015,3
52,23,2,2015,4
53,24,2,2015,4
54,25,2,2015,3
55,26,2,2015,3
56,27,2,2015,5
57,28,2,2015,4
58,29,2,2015,4
59,1,3,2015,2
60,2,3,2015,4
61,3,3,2015,2
62,4,3,2015,4
63,5,3,2015,4
64,6,3,2015,2
65,7,3,2015,2
66,8,3,2015,5
67,9,3,2015,5
68,10,3,2015,4
69,11,3,2015,3
70,12,3,2015,3
71,13,3,2015,4
72,14,3,2015,2
73,15,3,2015,2
74,16,3,2015,4
75,17,3,2015,4
76,18,3,2015,2
77,19,3,2015,4
78,20,3,2015,3
79,21,3,2015,4
80,22,3,2015,2
81,23,3,2015,4
82,24,3,2015,4
83,25,3,2015,3
84,26,3,2015,3
85,27,3,2015,4
86,28,3,2015,1
87,29,3,2015,4
88,1,4,2015,3
89,2,4,2015,4
90,3,4,2015,3
91,4,4,2015,3
92,5,4,2015,4
93,6,4,2015,1
94,7,4,2015,2
95,8,4,2015,4
96,9,4,2015,4
97,10,4,2015,4
98,11,4,2015,2
99,12,4,2015,3
100,13,4,2015,4
101,14,4,2015,3
102,15,4,2015,3
103,16,4,2015,4
104,17,4,2015,2
105,18,4,2015,4
106,19,4,2015,4
107,20,4,2015,2
108,21,4,2015,4
109,22,4,2015,3
110,23,4,2015,4
111,24,4,2015,4
112,25,4,2015,3
113,26,4,2015,2
114,27,4,2015,4
115,28,4,2015,4
116,29,4,2015,4
117,1,5,2015,2
118,2,5,2015,4
119,3,5,2015,3
120,4,5,2015,5
121,5,5,2015,4
122,6,5,2015,2
123,7,5,2015,3
124,8,5,2015,4
125,9,5,2015,4
126,10,5,2015,4
127,11,5,2015,3
128,12,5,2015,2
129,13,5,2015,5
130,14,5,2015,2
131,15,5,2015,2
132,16,5,2015,4
133,17,5,2015,3
134,18,5,2015,2
135,19,5,2015,4
136,20,5,2015,2
137,21,5,2015,4
138,22,5,2015,2
139,23,5,2015,4
140,24,5,2015,5
141,25,5,2015,2
142,26,5,2015,1
143,27,5,2015,3
144,28,5,2015,3
145,29,5,2015,4
146,1,6,2015,3
147,2,6,2015,5
148,3,6,2015,3
149,4,6,2015,4
150,5,6,2015,3
151,6,6,2015,2
152,7,6,2015,3
153,8,6,2015,5
154,9,6,2015,4
155,10,6,2015,4
156,11,6,2015,2
157,12,6,2015,3
158,13,6,2015,4
159,14,6,2015,2
160,15,6,2015,3
161,16,6,2015,4
162,17,6,2015,3
163,18,6,2015,3
164,19,6,2015,4
165,20,6,2015,3
166,21,6,2015,4
167,22,6,2015,3
168,23,6,2015,4
169,24,6,2015,4
170,25,6,2015,3
171,26,6,2015,2
172,27,6,2015,4
173,28,6,2015,3
174,29,6,2015,5
175,1,7,2015,1
176,2,7,2015,4
177,3,7,2015,3
178,4,7,2015,4
179,5,7,2015,4
180,6,7,2015,3
181,7,7,2015,3
182,8,7,2015,5
183,9,7,2015,4
184,10,7,2015,3
185,11,7,2015,2
186,12,7,2015,2
187,13,7,2015,4
188,14,7,2015,3
189,15,7,2015,2
190,16,7,2015,4
191,17,7,2015,2
192,18,7,2015,2
193,19,7,2015,5
194,20,7,2015,2
195,21,7,2015,4
196,22,7,2015,2
197,23,7,2015,4
198,24,7,2015,3
199,25,7,2015,3
200,26,7,2015,2
201,27,7,2015,4
202,28,7,2015,2
203,29,7,2015,4
204,1,8,2015,2
205,2,8,2015,4
206,3,8,2015,2
207,4,8,2015,5
208,5,8,2015,5
209,6,8,2015,3
210,7,8,2015,2
211,8,8,2015,5
212,9,8,2015,5
213,10,8,2015,4
214,11,8,2015,3
215,12,8,2015,2
216,13,8,2015,3
217,14,8,2015,3
218,15,8,2015,2
219,16,8,2015,5
220,17,8,2015,3
221,18,8,2015,2
222,19,8,2015,4
223,20,8,2015,2
224,21,8,2015,3
225,22,8,2015,3
226,23,8,2015,4
227,24,8,2015,3
228,25,8,2015,4
229,26,8,2015,3
230,27,8,2015,3
231,28,8,2015,3
232,29,8,2015,4
233,1,9,2015,3
234,2,9,2015,4
235,3,9,2015,2
236,4,9,2015,4
237,5,9,2015,4
238,6,9,2015,2
239,7,9,2015,2
240,8,9,2015,5
241,9,9,2015,4
242,10,9,2015,4
243,11,9,2015,2
244,12,9,2015,4
245,13,9,2015,4
246,14,9,2015,3
247,15,9,2015,2
248,16,9,2015,4
249,17,9,2015,2
250,18,9,2015,2
251,19,9,2015,4
252,20,9,2015,3
253,21,9,2015,4
254,22,9,2015,3
255,23,9,2015,4
256,24,9,2015,4
257,25,9,2015,4
258,26,9,2015,3
259,27,9,2015,4
260,28,9,2015,2
261,29,9,2015,4
262,1,10,2015,2
263,2,10,2015,4
264,3,10,2015,3
265,4,10,2015,5
266,5,10,2015,4
267,6,10,2015,3
268,7,10,2015,3
269,8,10,2015,4
270,9,10,2015,4
271,10,10,2015,4
272,11,10,2015,3
273,12,10,2015,3
274,13,10,2015,5
275,14,10,2015,3
276,15,10,2015,2
277,16,10,2015,3
278,17,10,2015,2
279,18,10,2015,2
280,19,10,2015,5
281,20,10,2015,2
282,21,10,2015,4
283,22,10,2015,3
284,23,10,2015,4
285,24,10,2015,4
286,25,10,2015,3
287,26,10,2015,3
288,27,10,2015,4
289,28,10,2015,2
290,29,10,2015,4
291,1,11,2015,2
292,2,11,2015,4
293,3,11,2015,3
294,4,11,2015,4
295,5,11,2015,4
296,6,11,2015,2
297,7,11,2015,2
298,8,11,2015,4
299,9,11,2015,4
300,10,11,2015,4
301,11,11,2015,2
302,12,11,2015,3
303,13,11,2015,5
304,14,11,2015,2
305,15,11,2015,3
306,16,11,2015,4
307,17,11,2015,3
308,18,11,2015,3
309,19,11,2015,4
310,20,11,2015,2
311,21,11,2015,5
312,22,11,2015,3
313,23,11,2015,5
314,24,11,2015,4
315,25,11,2015,1
316,26,11,2015,4
317,27,11,2015,3
318,28,11,2015,3
319,29,11,2015,5
320,1,12,2015,3
321,2,12,2015,3
322,3,12,2015,3
323,4,12,2015,4
324,5,12,2015,4
325,6,12,2015,3
326,7,12,2015,3
327,8,12,2015,4
328,9,12,2015,4
329,10,12,2015,5
330,11,12,2015,1
331,12,12,2015,2
332,13,12,2015,5
333,14,12,2015,3
334,15,12,2015,2
335,16,12,2015,3
336,17,12,2015,3
337,18,12,2015,3
338,19,12,2015,4
339,20,12,2015,3
340,21,12,2015,4
341,22,12,2015,3
342,23,12,2015,3
343,24,12,2015,4
344,25,12,2015,2
345,26,12,2015,1
346,27,12,2015,4
347,28,12,2015,4
348,29,12,2015,4
349,1,1,2016,2
350,2,1,2016,4
351,3,1,2016,3
352,4,1,2016,4
353,5,1,2016,4
354,6,1,2016,3
355,7,1,2016,3
356,8,1,2016,4
357,9,1,2016,4
358,10,1,2016,4
359,11,1,2016,3
360,12,1,2016,3
361,13,1,2016,5
362,14,1,2016,3
363,15,1,2016,1
364,16,1,2016,4
365,17,1,2016,3
366,18,1,2016,3
367,19,1,2016,4
368,20,1,2016,3
369,21,1,2016,4
370,22,1,2016,2
371,23,1,2016,3
372,24,1,2016,3
373,25,1,2016,2
374,26,1,2016,3
375,27,1,2016,4
376,28,1,2016,3
377,29,1,2016,5
378,30,1,2016,3
379,31,1,2016,4
380,32,1,2016,2
381,33,1,2016,4
382,34,1,2016,3
383,35,1,2016,2
384,36,1,2016,2
385,37,1,2016,5
386,38,1,2016,2
387,39,1,2016,4
388,1,2,2016,4
389,2,2,2016,5
390,3,2,2016,3
391,4,2,2016,5
392,5,2,2016,5
393,6,2,2016,3
394,7,2,2016,3
395,8,2,2016,4
396,9,2,2016,5
397,10,2,2016,5
398,11,2,2016,2
399,12,2,2016,3
400,13,2,2016,5
401,14,2,2016,4
402,15,2,2016,3
403,16,2,2016,5
404,17,2,2016,4
405,18,2,2016,4
406,19,2,2016,5
407,20,2,2016,3
408,21,2,2016,5
409,22,2,2016,3
410,23,2,2016,5
411,24,2,2016,4
412,25,2,2016,3
413,26,2,2016,2
414,27,2,2016,5
415,28,2,2016,3
416,29,2,2016,5
417,30,2,2016,4
418,31,2,2016,5
419,32,2,2016,4
420,33,2,2016,5
421,34,2,2016,3
422,35,2,2016,3
423,36,2,2016,4
424,37,2,2016,5
425,38,2,2016,3
426,39,2,2016,4
427,1,3,2016,2
428,2,3,2016,5
429,3,3,2016,2
430,4,3,2016,4
431,5,3,2016,4
432,6,3,2016,3
433,7,3,2016,2
434,8,3,2016,4
435,9,3,2016,5
436,10,3,2016,5
437,11,3,2016,2
438,12,3,2016,3
439,13,3,2016,4
440,14,3,2016,3
441,15,3,2016,3
442,16,3,2016,5
443,17,3,2016,3
444,18,3,2016,2
445,19,3,2016,4
446,20,3,2016,3
447,21,3,2016,3
448,22,3,2016,3
449,23,3,2016,4
450,24,3,2016,5
451,25,3,2016,2
452,26,3,2016,3
453,27,3,2016,4
454,28,3,2016,2
455,29,3,2016,4
456,30,3,2016,2
457,31,3,2016,5
458,32,3,2016,3
459,33,3,2016,3
460,34,3,2016,3
461,35,3,2016,3
462,36,3,2016,2
463,37,3,2016,4
464,38,3,2016,2
465,39,3,2016,4
466,1,4,2016,2
467,2,4,2016,4
468,3,4,2016,3
469,4,4,2016,4
470,5,4,2016,5
471,6,4,2016,2
472,7,4,2016,2
473,8,4,2016,5
474,9,4,2016,4
475,10,4,2016,4
476,11,4,2016,3
477,12,4,2016,4
478,13,4,2016,4
479,14,4,2016,3
480,15,4,2016,2
481,16,4,2016,4
482,17,4,2016,3
483,18,4,2016,3
484,19,4,2016,4
485,20,4,2016,3
486,21,4,2016,4
487,22,4,2016,3
488,23,4,2016,3
489,24,4,2016,4
490,25,4,2016,3
491,26,4,2016,2
492,27,4,2016,4
493,28,4,2016,2
494,29,4,2016,4
495,30,4,2016,2
496,31,4,2016,3
497,32,4,2016,3
498,33,4,2016,4
499,34,4,2016,2
500,35,4,2016,3
501,36,4,2016,3
502,37,4,2016,4
503,38,4,2016,3
504,39,4,2016,4
505,1,5,2016,2
506,2,5,2016,3
507,3,5,2016,2
508,4,5,2016,4
509,5,5,2016,4
510,6,5,2016,2
511,7,5,2016,2
512,8,5,2016,4
513,9,5,2016,5
514,10,5,2016,4
515,11,5,2016,2
516,12,5,2016,3
517,13,5,2016,5
518,14,5,2016,4
519,15,5,2016,3
520,16,5,2016,5
521,17,5,2016,2
522,18,5,2016,3
523,19,5,2016,5
524,20,5,2016,3
525,21,5,2016,4
526,22,5,2016,3
527,23,5,2016,4
528,24,5,2016,5
529,25,5,2016,1
530,26,5,2016,2
531,27,5,2016,4
532,28,5,2016,1
533,29,5,2016,5
534,30,5,2016,3
535,31,5,2016,4
536,32,5,2016,3
537,33,5,2016,4
538,34,5,2016,3
539,35,5,2016,2
540,36,5,2016,3
541,37,5,2016,4
542,38,5,2016,3
543,39,5,2016,4
544,1,6,2016,2
545,2,6,2016,4
546,3,6,2016,3
547,4,6,2016,4
548,5,6,2016,4
549,6,6,2016,3
550,7,6,2016,3
551,8,6,2016,4
552,9,6,2016,3
553,10,6,2016,4
554,11,6,2016,2
555,12,6,2016,2
556,13,6,2016,4
557,14,6,2016,2
558,15,6,2016,2
559,16,6,2016,3
560,17,6,2016,2
561,18,6,2016,3
562,19,6,2016,3
563,20,6,2016,3
564,21,6,2016,4
565,22,6,2016,3
566,23,6,2016,5
567,24,6,2016,5
568,25,6,2016,2
569,26,6,2016,3
570,27,6,2016,4
571,28,6,2016,2
572,29,6,2016,4
573,30,6,2016,3
574,31,6,2016,4
575,32,6,2016,2
576,33,6,2016,4
577,34,6,2016,3
578,35,6,2016,2
579,36,6,2016,3
580,37,6,2016,4
581,38,6,2016,3
582,39,6,2016,4
583,1,7,2016,3
584,2,7,2016,4
585,3,7,2016,2
586,4,7,2016,5
587,5,7,2016,5
588,6,7,2016,3
589,7,7,2016,4
590,8,7,2016,5
591,9,7,2016,5
592,10,7,2016,4
593,11,7,2016,2
594,12,7,2016,4
595,13,7,2016,4
596,14,7,2016,3
597,15,7,2016,3
598,16,7,2016,4
599,17,7,2016,1
600,18,7,2016,2
601,19,7,2016,4
602,20,7,2016,3
603,21,7,2016,4
604,22,7,2016,2
605,23,7,2016,4
606,24,7,2016,4
607,25,7,2016,3
608,26,7,2016,1
609,27,7,2016,4
610,28,7,2016,3
611,29,7,2016,4
612,30,7,2016,3
613,31,7,2016,3
614,32,7,2016,3
615,33,7,2016,4
616,34,7,2016,4
617,35,7,2016,2
618,36,7,2016,3
619,37,7,2016,5
620,38,7,2016,2
621,39,7,2016,4
622,1,8,2016,2
623,2,8,2016,5
624,3,8,2016,3
625,4,8,2016,4
626,5,8,2016,4
627,6,8,2016,3
628,7,8,2016,3
629,8,8,2016,4
630,9,8,2016,5
631,10,8,2016,4
632,11,8,2016,3
633,12,8,2016,3
634,13,8,2016,5
635,14,8,2016,2
636,15,8,2016,2
637,16,8,2016,4
638,17,8,2016,3
639,18,8,2016,3
640,19,8,2016,4
641,20,8,2016,3
642,21,8,2016,4
643,22,8,2016,4
644,23,8,2016,4
645,24,8,2016,5
646,25,8,2016,1
647,26,8,2016,2
648,27,8,2016,4
649,28,8,2016,2
650,29,8,2016,5
651,30,8,2016,1
652,31,8,2016,3
653,32,8,2016,2
654,33,8,2016,4
655,34,8,2016,3
656,35,8,2016,2
657,36,8,2016,3
658,37,8,2016,5
659,38,8,2016,3
660,39,8,2016,4
661,1,9,2016,4
662,2,9,2016,5
663,3,9,2016,2
664,4,9,2016,4
665,5,9,2016,4
666,6,9,2016,3
667,7,9,2016,3
668,8,9,2016,4
669,9,9,2016,4
670,10,9,2016,4
671,11,9,2016,3
672,12,9,2016,2
673,13,9,2016,4
674,14,9,2016,3
675,15,9,2016,2
676,16,9,2016,4
677,17,9,2016,2
678,18,9,2016,3
679,19,9,2016,3
680,20,9,2016,2
681,21,9,2016,4
682,22,9,2016,3
683,23,9,2016,4
684,24,9,2016,4
685,25,9,2016,2
686,26,9,2016,2
687,27,9,2016,5
688,28,9,2016,3
689,29,9,2016,4
690,30,9,2016,2
691,31,9,2016,4
692,32,9,2016,3
693,33,9,2016,3
694,34,9,2016,1
695,35,9,2016,4
696,36,9,2016,3
697,37,9,2016,4
698,38,9,2016,2
699,39,9,2016,5
700,1,10,2016,2
701,2,10,2016,4
702,3,10,2016,2
703,4,10,2016,4
704,5,10,2016,4
705,6,10,2016,4
706,7,10,2016,4
707,8,10,2016,4
708,9,10,2016,5
709,10,10,2016,4
710,11,10,2016,3
711,12,10,2016,3
712,13,10,2016,4
713,14,10,2016,2
714,15,10,2016,2
715,16,10,2016,3
716,17,10,2016,3
717,18,10,2016,3
718,19,10,2016,4
719,20,10,2016,2
720,21,10,2016,4
721,22,10,2016,3
722,23,10,2016,4
723,24,10,2016,4
724,25,10,2016,3
725,26,10,2016,3
726,27,10,2016,3
727,28,10,2016,2
728,29,10,2016,5
729,30,10,2016,4
730,31,10,2016,4
731,32,10,2016,3
732,33,10,2016,4
733,34,10,2016,2
734,35,10,2016,3
735,36,10,2016,3
736,37,10,2016,4
737,38,10,2016,2
738,39,10,2016,5
739,1,11,2016,3
740,2,11,2016,5
741,3,11,2016,3
742,4,11,2016,4
743,5,11,2016,5
744,6,11,2016,2
745,7,11,2016,2
746,8,11,2016,5
747,9,11,2016,5
748,10,11,2016,4
749,11,11,2016,3
750,12,11,2016,3
751,13,11,2016,4
752,14,11,2016,2
753,15,11,2016,4
754,16,11,2016,4
755,17,11,2016,3
756,18,11,2016,1
757,19,11,2016,4
758,20,11,2016,2
759,21,11,2016,3
760,22,11,2016,2
761,23,11,2016,3
762,24,11,2016,4
763,25,11,2016,3
764,26,11,2016,2
765,27,11,2016,5
766,28,11,2016,2
767,29,11,2016,4
768,30,11,2016,4
769,31,11,2016,5
770,32,11,2016,3
771,33,11,2016,4
772,34,11,2016,3
773,35,11,2016,2
774,36,11,2016,2
775,37,11,2016,5
776,38,11,2016,3
777,39,11,2016,4
778,1,12,2016,2
779,2,12,2016,4
780,3,12,2016,3
781,4,12,2016,4
782,5,12,2016,5
783,6,12,2016,3
784,7,12,2016,3
785,8,12,2016,4
786,9,12,2016,5
787,10,12,2016,5
788,11,12,2016,3
789,12,12,2016,4
790,13,12,2016,5
791,14,12,2016,2
792,15,12,2016,2
793,16,12,2016,4
794,17,12,2016,3
795,18,12,2016,2
796,19,12,2016,4
797,20,12,2016,2
798,21,12,2016,5
799,22,12,2016,2
800,23,12,2016,4
801,24,12,2016,4
802,25,12,2016,3
803,26,12,2016,3
804,27,12,2016,4
805,28,12,2016,3
806,29,12,2016,5
807,30,12,2016,3
808,31,12,2016,4
809,32,12,2016,2
810,33,12,2016,4
811,34,12,2016,2
812,35,12,2016,3
813,36,12,2016,3
814,37,12,2016,4
815,38,12,2016,3
816,39,12,2016,4
